<?xml version="1.0" encoding="utf-8" ?>
<gadget>
  <name>BFV</name>
  <version>1.0.0.2</version>
  <author name="rob cranfill">
    <info 
      url="http://www.wasar.org/wp-content/themes/wasar/kbfi/north-small.php"
      text="Webcam site"/>
    <logo src="images/logo.png"/>
  </author>
  <copyright>&#169; 2013</copyright>
  <description>
Webcam view of Boeing Field (BFI - Seattle, Washington)
This gadget may be distributed freely, for free.
    </description>
   <icons>
    <icon height="48" width="64" src="images/icon.png"/>
   </icons>
  <hosts>
    <host name="sidebar">
      <base type="HTML" apiVersion="1.0.0" src="BFV.html" />
      <permissions>Full</permissions>
      <platform minPlatformVersion="1.0" />
    </host>
  </hosts>
</gadget>
